﻿id : 고유번호
Area : 대생활권
UseDistrict : 용도지역
Option : 풀옵션여부
FAR : 용적률(%)
Price : ㎡당평균전용임대가(천원)

id,Area,UseDistrict,Option,FAR,Price
apt01,도심권,제2종 일반주거지역,풀옵션형,132.72,515.0519492
apt02,도심권,제2종 일반주거지역,풀옵션형,184.99, 
apt03, ,상업지역,기본형, ,364.3195349
apt04,도심권,상업지역,풀옵션형,493.08,410.9455297
apt05,도심권,준주거지역,기본형,349.65,616.9759862
apt06,도심권,제3종 일반주거지역,풀옵션형,.,469.1517971
apt07,도심권,제3종 일반주거지역,풀옵션형,227.2,576.4762615
apt08,도심권,상업지역,풀옵션형,254.37,355.8718861
apt09,동북권, ,기본형,199.93,423.8123398
apt10,동북권,제2종 일반주거지역,풀옵션형,198.13,518.3137526
apt11,동북권,제2종 일반주거지역,풀옵션형,199.34,615.7635468
apt12,동북권,제3종 일반주거지역,풀옵션형,195.22,455.0302169
apt13,동북권,제2종 일반주거지역,기본형,199.5,460.6879607
apt14,동북권,준공업지역,풀옵션형,219.16,512.4777184
apt15,동북권,제2종 일반주거지역,풀옵션형,192.39,483.7566204
apt16,동북권,제2종 일반주거지역,기본형,198.94,489.1620599
apt17,동북권,제2종 일반주거지역,기본형,178.38,370.4786975
apt18,동북권,제2종 일반주거지역,풀옵션형,199.8,383.4406746
apt19,동북권,제2종 일반주거지역,풀옵션형,169.38,443.8932045
apt20,동북권,제3종 일반주거지역,풀옵션형,221.57,411.5629593
apt21,동북권,제2종 일반주거지역,풀옵션형,198.73,161.7276468
apt22,동북권,제2종 일반주거지역,기본형,184.83,309.3421324
apt23,동북권,제2종 일반주거지역,풀옵션형,199.87,310.5057298
apt24,동북권,제2종 일반주거지역,기본형,166.71,293.1051441
apt25,동북권,제2종 일반주거지역,풀옵션형,199.85,136.7989056
apt26,동북권,제2종 일반주거지역,풀옵션형,199.85,128.9930951
apt27,동북권,제2종 일반주거지역,풀옵션형,199.92,123.4567901
apt28,동북권,제2종 일반주거지역,풀옵션형,199.82,123.9669421
apt29,동북권,제2종 일반주거지역,풀옵션형,188.82,327.6417783
apt30,동북권,제3종 일반주거지역,풀옵션형,194.04,288.2945467
apt31,동북권,제2종 일반주거지역,풀옵션형,175.9,336.0215054
apt32,동북권,제2종 일반주거지역,기본형,198.76,324.9390739
apt33,동북권,제3종 일반주거지역,풀옵션형,248.51,424.8457221
apt34,동북권,제2종 일반주거지역,기본형,192.88,454.7231998
apt35,동북권,제2종 일반주거지역,기본형,199.49,305.4537376
apt36,동북권,제2종 일반주거지역,풀옵션형,199.8,377.5635708
apt37,동북권,제2종 일반주거지역,풀옵션형,190.53,391.4384435
apt38,동북권,제2종 일반주거지역,풀옵션형,199.19,431.098558
apt39,동북권,제2종 일반주거지역,풀옵션형,199.71,395.438661
apt40,동북권,제2종 일반주거지역,풀옵션형,191.99,365.8414353
apt41,동북권,제2종 일반주거지역,풀옵션형,181.2,379.6234546
apt42,동북권,제2종 일반주거지역,기본형,199.43,318.0189197
apt43,동북권,제2종 일반주거지역,기본형,199.36,260.639015
apt44,동북권,제2종 일반주거지역,풀옵션형,199.83,325.4354146
apt45,동북권,제1종 일반주거지역,풀옵션형,193.32,251.8060572
apt46,동북권,제3종 일반주거지역,기본형,210.8,316.5617668
apt47,동북권,제3종 일반주거지역,풀옵션형,229.12,463.750749
apt48,동북권,제2종 일반주거지역,기본형,196.75,282.1857778
apt49,동북권,제2종 일반주거지역,풀옵션형,199.88,284.6617549
apt50,동북권,상업지역,풀옵션형,341.84,174.0506329
apt51,동북권,제2종 일반주거지역,풀옵션형,199.44,121.0165389
apt52,동북권,제2종 일반주거지역,기본형,199.85,261.9233776
apt53,동북권,제2종 일반주거지역,기본형,197.55,342.2676437
apt54,동북권,제3종 일반주거지역,기본형,249.69,248.465361
apt55,동북권,제3종 일반주거지역,풀옵션형,207.17,130.9780877
apt56,동북권,제3종 일반주거지역,풀옵션형,199.81,125.6211267
apt57,동북권,제2종 일반주거지역,풀옵션형,199.57,125.6515264
apt58,동북권,제2종 일반주거지역,기본형,199.91,328.6687906
apt59,동북권,제3종 일반주거지역,풀옵션형,245.79,131.2056435
apt60,동북권,준주거지역,풀옵션형,266.56,216.8431669
apt61,동북권,준주거지역,기본형,236.1,345.721694
apt62,동북권,제2종 일반주거지역,풀옵션형,199.93,154.3269046
apt63,동북권,제2종 일반주거지역,풀옵션형,184.31,157.6387724
apt64,동북권,제2종 일반주거지역,풀옵션형,199,121.5901882
apt65,동북권,제3종 일반주거지역,풀옵션형,244.47,168.115942
apt66,동북권,제2종 일반주거지역,풀옵션형,199.96,128.5104131
apt67,동북권,제2종 일반주거지역,풀옵션형,195.55,253.5222975
apt68,동북권,제2종 일반주거지역,풀옵션형,190.08,153.2033426
apt69,동북권,제2종 일반주거지역,풀옵션형,199.62,125.5755546
apt70,동북권,제2종 일반주거지역,풀옵션형,199.78,309.3089276
apt71,동북권,제2종 일반주거지역,풀옵션형,196.74,195.3990572
apt72,동북권,제2종 일반주거지역,풀옵션형,190,145.0643579
apt73,서북권,제2종 일반주거지역,풀옵션형,198.68,317.4173879
apt74,서북권,제2종 일반주거지역,풀옵션형,187.31,477.548692
apt75,서북권,제2종 일반주거지역,풀옵션형,196.47,475.1530242
apt76,서북권,제2종 일반주거지역,풀옵션형,199.42,424.8704663
apt77,서북권,제2종 일반주거지역,풀옵션형,193.42,321.1869243
apt78,서북권,제2종 일반주거지역,풀옵션형,147.73,395.1655904
apt79,서북권,제2종 일반주거지역,풀옵션형,191.9,363.8581157
apt80,서북권,제3종 일반주거지역,풀옵션형,186.92,531.0811839
apt81,서북권,제2종 일반주거지역,풀옵션형,110.42,352.6366872
apt82,서북권,제2종 일반주거지역,풀옵션형,199.79,335.9126895
apt83,서북권,제2종 일반주거지역,풀옵션형,199.76,344.3130319
apt84,서북권,제2종 일반주거지역,기본형,199.89,347.5757108
apt85,서북권,제2종 일반주거지역,기본형,198.89,330.168865
apt86,서북권,제2종 일반주거지역,풀옵션형,147.93,335.5777585
apt87,서북권,제2종 일반주거지역,풀옵션형,190.33,363.3657298
apt88,서북권,제2종 일반주거지역,풀옵션형,193.74,349.7668221
apt89,서북권,제2종 일반주거지역,풀옵션형,191.57,329.0760078
apt90,서북권,제3종 일반주거지역,풀옵션형,194.65,564.3396626
apt91,서북권,제2종 일반주거지역,풀옵션형,189.63,455.3961323
apt92,서북권,제2종 일반주거지역,풀옵션형,199.54,404.8598863
apt93,서북권,제2종 일반주거지역,풀옵션형,199.75,276.2990222
apt94,서북권,제2종 일반주거지역,풀옵션형,168.3,405.5136366
apt95,서북권,제2종 일반주거지역,풀옵션형,199.84,315.4868288
apt96,서북권,제2종 일반주거지역,풀옵션형,199.3,367.7921304
apt97,서북권,제2종 일반주거지역,풀옵션형,186.31,264.3221461
apt98,서북권,제2종 일반주거지역,기본형,196.09,259.3735982
apt99,서북권,제2종 일반주거지역,풀옵션형,159.01,392.0878089
apt100,서북권,제3종 일반주거지역,풀옵션형,185.37,411.6161616
apt101,서북권,제3종 일반주거지역,풀옵션형,177.25,442.2869471
apt102,서북권,제2종 일반주거지역,풀옵션형,198.18,395.8078417
apt103,서북권,제2종 일반주거지역,기본형,177.55,201.2921658
apt104,서북권,제2종 일반주거지역,기본형,198.07,254.7978153
apt105,서북권,제2종 일반주거지역,기본형,199.75,266.7907164
apt106,서북권,제3종 일반주거지역,기본형,182.4,285.898478
apt107,서북권,제2종 일반주거지역,기본형,199.97,248.3168663
apt108,서북권,제2종 일반주거지역,기본형,187.24,288.4109445
apt109,서북권,제3종 일반주거지역,기본형,165.06,282.3186772
apt110,서북권,제2종 일반주거지역,풀옵션형,182.69,216.8493071
apt111,서북권,제2종 일반주거지역,기본형,198.97,197.4125539
apt112,서북권,제2종 일반주거지역,기본형,190.86,198.0884465
apt113,서북권,제2종 일반주거지역,기본형,195.73,189.0087314
apt114,서북권,제2종 일반주거지역,기본형,199.27,185.2861035
apt115,서북권,제2종 일반주거지역,풀옵션형,199.52,243.3171762
apt116,서북권,제3종 일반주거지역,풀옵션형,113.1,387.4439462
apt117,서북권,제2종 일반주거지역,풀옵션형,199.55,333.5763762
apt118,서북권,제2종 일반주거지역,풀옵션형,193.8,347.7131727
apt119,서남권,제3종 일반주거지역,기본형,218.71,171.833715
apt120,서남권,제3종 일반주거지역,기본형,211.83,174.5974587
apt121,서남권,제2종 일반주거지역,기본형,188.18,217.3913043
apt122,서남권,제2종 일반주거지역,기본형,167.71,203.9221994
apt123,서남권,제2종 일반주거지역,풀옵션형,199.58,124.6310734
apt124,서남권,제2종 일반주거지역,기본형,199.9,175.416566
apt125,서남권,제2종 일반주거지역,기본형,157.19,199.0597179
apt126,서남권,제1종 일반주거지역,풀옵션형,149.56,189.7435897
apt127,서남권,준주거지역,풀옵션형,298.35,413.9562389
apt128,서남권,제2종 일반주거지역,풀옵션형,172.26,342.9286608
apt129,서남권,제2종 일반주거지역,풀옵션형,198.54,230.5335005
apt130,서남권,제3종 일반주거지역,풀옵션형,212.74,296.4154898
apt131,서남권,제1종 일반주거지역,풀옵션형,149.88,197.9757205
apt132,서남권,제2종 일반주거지역,풀옵션형,196.62,235.6699987
apt133,서남권,제2종 일반주거지역,풀옵션형,154.31,316.015765
apt134,서남권,제2종 일반주거지역,기본형,182.58,172.5196538
apt135,서남권,제2종 일반주거지역,풀옵션형,199.28,317.3677148
apt136,서남권,제3종 일반주거지역,기본형,187.72,192.1576969
apt137,서남권,제2종 일반주거지역,기본형,199.87,308.6419753
apt138,서남권,준주거지역,기본형,277.12,177.1901421
apt139,서남권,제2종 일반주거지역,풀옵션형,198.27,352.4524819
apt140,서남권,제2종 일반주거지역,풀옵션형,199.69,220.9032488
apt141,서남권,제3종 일반주거지역,풀옵션형,236.73,195.3478277
apt142,서남권,상업지역,풀옵션형,543.21,304.0608122
apt143,서남권,제2종 일반주거지역,풀옵션형,199.82,472.8178387
apt144,서남권,상업지역,풀옵션형,335.79,415.6506318
apt145,서남권,상업지역,풀옵션형,591.66,283.4868887
apt146,서남권,제2종 일반주거지역,풀옵션형,192.86,350.8297258
apt147,서남권,상업지역,기본형,416.55,273.6877132
apt148,서남권,제1종 일반주거지역,기본형,149.78,206.7357513
apt149,서남권,준주거지역,기본형,283.24,236.6412214
apt150,서남권,제2종 일반주거지역,풀옵션형,158.52,154.4362572
apt151,서남권,제2종 일반주거지역,풀옵션형,199.65,85.86647075
apt152,서남권,제3종 일반주거지역,풀옵션형,225.48,159.4752187
apt153,서남권,제2종 일반주거지역,풀옵션형,172.74,161.3549192
apt154,서남권,제2종 일반주거지역,풀옵션형,199.76,184.8911071
apt155,서남권,제2종 일반주거지역,풀옵션형,199.95,220.8126669
apt156,서남권,제2종 일반주거지역,풀옵션형,199.55,195.1180344
apt157,서남권,제2종 일반주거지역,풀옵션형,196.81,181.25963
apt158,서남권,상업지역,풀옵션형,339.54,263.981228
apt159,서남권,제3종 일반주거지역,풀옵션형,230.35,192.1385563
apt160,서남권,제3종 일반주거지역,풀옵션형,221.44,295.2666024
apt161,서남권,제3종 일반주거지역,기본형,242.79,180.8943893
apt162,서남권,상업지역,풀옵션형,390.9,248.200546
apt163,서남권,제3종 일반주거지역,풀옵션형,231.39,177.3825912
apt164,서남권,제3종 일반주거지역,풀옵션형,239.2,170.5445243
apt165,서남권,제2종 일반주거지역,풀옵션형,199.51,245.2515371
apt166,서남권,상업지역,풀옵션형,801.13,368.3241252
apt167,서남권,제2종 일반주거지역,기본형,165.42,118.1667788
apt168,서남권,상업지역,풀옵션형,776.14,258.7991718
apt169,서남권,상업지역,풀옵션형,760.63,215.1075538
apt170,서남권,제2종 일반주거지역,풀옵션형,196.24,265.0867798
apt171,서남권,제2종 일반주거지역,풀옵션형,180.64,252.6065949
apt172,서남권,제2종 일반주거지역,풀옵션형,199.79,190.3697035
apt173,서남권,제2종 일반주거지역,기본형,184.92,118.2365049
apt174,서남권,제2종 일반주거지역,풀옵션형,176.16,217.1830086
apt175,서남권,제2종 일반주거지역,풀옵션형,196.33,260.5422787
apt176,서남권,제2종 일반주거지역,기본형,176.41,170.9566813
apt177,서남권,제3종 일반주거지역,기본형,209.5,416.7754447
apt178,서남권,제2종 일반주거지역,기본형,199.14,347.2222222
apt179,서남권,제2종 일반주거지역,기본형,199.42,296.299188
apt180,서남권,상업지역,풀옵션형,348.23,631.2878939
apt181,서남권,상업지역,풀옵션형,348.04,379.2719386
apt182,서남권,준주거지역,풀옵션형,396.29,399.7017769
apt183,동남권,제3종 일반주거지역,풀옵션형,244.21,384.518838
apt184,동남권,제2종 일반주거지역,풀옵션형,196.55,563.9344262
apt185,동남권,제2종 일반주거지역,풀옵션형,199.74,541.487498
apt186,동남권,제2종 일반주거지역,풀옵션형,193.55,484.3663046
apt187,동남권,제3종 일반주거지역,풀옵션형,220.35,439.6064476
apt188,동남권,제1종 일반주거지역,풀옵션형,145.71,438.3252212
apt189,동남권,제2종 일반주거지역,풀옵션형,191.69,418.4800803
apt190,동남권,제2종 일반주거지역,풀옵션형,197.48,515.7933175
apt191,동남권,제2종 일반주거지역,풀옵션형,189.9,369.9136868
apt192,동남권,제3종 일반주거지역,풀옵션형,197.32,484.1549296
apt193,동남권,제2종 일반주거지역,풀옵션형,199.35,382.1426966
apt194,동남권,제2종 일반주거지역,풀옵션형,198.9,382.9378027
apt195,동남권,제2종 일반주거지역,풀옵션형,199.37,474.0613047
apt196,동남권,제3종 일반주거지역,풀옵션형,185.59,388.1954274
apt197,동남권,제2종 일반주거지역,풀옵션형,187.08,664.6783127
apt198,동남권,제2종 일반주거지역,풀옵션형,188.1,598.6307913
apt199,동남권,제2종 일반주거지역,풀옵션형,199.64,432.3561203
apt200,동남권,제2종 일반주거지역,풀옵션형,198.71,549.7732773
apt201,동남권,제2종 일반주거지역,풀옵션형,182.23,391.830919
apt202,동남권,제2종 일반주거지역,풀옵션형,199.84,427.7829995
apt203,동남권,준주거지역,풀옵션형,543.92,299.6366397
apt204,동남권,제2종 일반주거지역,풀옵션형,191.68,40.22526146
apt205,동남권,제2종 일반주거지역,풀옵션형,199.6,293.6167089
apt206,동남권,제2종 일반주거지역,풀옵션형,199.9,536.5163866
apt207,동남권,제1종 일반주거지역,풀옵션형,149.73,472.8178387
apt208,동남권,제2종 일반주거지역,풀옵션형,199.82,449.2115878
apt209,동남권,제2종 일반주거지역,풀옵션형,199.09,493.7728016
apt210,동남권,제2종 일반주거지역,풀옵션형,200.23,298.1881089
apt211,동남권,제2종 일반주거지역,풀옵션형,191.16,424.9698947
apt212,동남권,제2종 일반주거지역,풀옵션형,199.92,476.0968605
apt213,동남권,제2종 일반주거지역,풀옵션형,197.6,587.1533673
apt214,동남권,제2종 일반주거지역,풀옵션형,199.37,481.338066
apt215,동남권,제2종 일반주거지역,풀옵션형,186.8491,505.1384776
apt216,동남권,제2종 일반주거지역,풀옵션형,219.06,391.6784384
apt217,동남권,제2종 일반주거지역,풀옵션형,165.39,406.3186699
apt218,동남권,제2종 일반주거지역,풀옵션형,198.78,488.7983707
apt219,동남권,제2종 일반주거지역,풀옵션형,199.71,473.1525784
apt220,동남권,제2종 일반주거지역,풀옵션형,182.03,476.0317108
apt221,동남권,제3종 일반주거지역,풀옵션형,190.36,412.5569044
apt222,동남권,제2종 일반주거지역,풀옵션형,187.72,400.7974415
apt223,동남권,제2종 일반주거지역,풀옵션형,199.98,463.3142948
apt224,동남권,제2종 일반주거지역,풀옵션형,199.93,451.6786019
apt225,동남권,제2종 일반주거지역,풀옵션형,188.11,398.5507246
apt226,동남권,제2종 일반주거지역,풀옵션형,186.62,425.7669149
apt227,동남권,제2종 일반주거지역,풀옵션형,193.23,472.8132388
apt228,동남권,제2종 일반주거지역,풀옵션형,199.61,391.7922837
apt229,동남권,제2종 일반주거지역,풀옵션형,194.14,373.501888
apt230,동남권,제3종 일반주거지역,풀옵션형,188.96,383.3925566
apt231,동남권,제2종 일반주거지역,풀옵션형,198.59,475.3740648
apt232,동남권,제2종 일반주거지역,풀옵션형,199.78,433.5260116
apt233,동남권,제2종 일반주거지역,풀옵션형,199.51,499.0118577
apt234,동남권,제2종 일반주거지역,풀옵션형,199.51,443.9431753
apt235,동남권,제2종 일반주거지역,풀옵션형,199.15,463.818464
apt236,동남권,제2종 일반주거지역,풀옵션형,197.68,471.9619634
apt237,동남권,제2종 일반주거지역,풀옵션형,199.69,417.0176917
apt238,동남권,제2종 일반주거지역,풀옵션형,199.29,415.4576629
apt239,동남권,제2종 일반주거지역,풀옵션형,199.9,413.0291937
apt240,동남권,제2종 일반주거지역,풀옵션형,199.17,538.9361868
apt241,동남권,제2종 일반주거지역,풀옵션형,199.1,538.9361868
apt242,동남권,제2종 일반주거지역,풀옵션형,188.97,402.4384436
apt243,동남권,제2종 일반주거지역,풀옵션형,198.52,404.0250038
apt244,동남권,제2종 일반주거지역,풀옵션형,199.75,497.4040591
apt245,동남권,제2종 일반주거지역,풀옵션형,196.72,370.6969102
apt246,동남권,제2종 일반주거지역,풀옵션형,197.92,454.1772028
apt247,동남권,제2종 일반주거지역,풀옵션형,199.61,375.708502
apt248,동남권,제2종 일반주거지역,풀옵션형,189.59,361.8015446
apt249,동남권,제2종 일반주거지역,풀옵션형,184.85,253.0439701
apt250,동남권,제2종 일반주거지역,풀옵션형,199.38,410.2800195
apt251,동남권,제2종 일반주거지역,풀옵션형,195.47,382.2801889
apt252,동남권,제2종 일반주거지역,풀옵션형,158.3,390.625
apt253,동남권,제2종 일반주거지역,풀옵션형,181.41,395.8944282
apt254,동남권,제2종 일반주거지역,풀옵션형,199.44,310.8538528
apt255,동남권,제2종 일반주거지역,풀옵션형,196.68,303.8540187
apt256,동남권,제2종 일반주거지역,풀옵션형,186,296.7968342
apt257,동남권,제2종 일반주거지역,기본형,183.13,321.8506412
apt258,동남권,제2종 일반주거지역,풀옵션형,182.16,294.367949
apt259,동남권,준주거지역,풀옵션형,294.82,569.1056911
apt260,동남권,제2종 일반주거지역,기본형,199.17,169.9720613
apt261,동남권,준주거지역,풀옵션형,311.32,435.3117879
apt262,동남권,제2종 일반주거지역,풀옵션형,199.62,318.9698704
apt263,동남권,제2종 일반주거지역,풀옵션형,194.54,352.7429715
apt264,동남권,준주거지역,풀옵션형,297.15,268.5645845
apt265,동남권,제2종 일반주거지역,풀옵션형,199.77,310.5830197
apt266,동남권,제2종 일반주거지역,풀옵션형,199.08,464.2409034
apt267,동남권,제2종 일반주거지역,풀옵션형,199.64,306.0090309
apt268,동남권,제3종 일반주거지역,풀옵션형,169.74,491.8200758
apt269,동남권,제3종 일반주거지역,풀옵션형,248.71,328.0397327
apt270,동남권,준주거지역,풀옵션형,299.15,317.9842658
apt271,동남권,제2종 일반주거지역,풀옵션형,190.06,292.1279213
apt272,동남권,제2종 일반주거지역,풀옵션형,179.48,454.4964997
apt273,동남권,제2종 일반주거지역,풀옵션형,316.66,497.5088968
apt274,동남권,제2종 일반주거지역,풀옵션형,190.33,316.046599
apt275,동북권,제2종 일반주거지역,풀옵션형,198.127,340.5572755
apt276,동북권,제2종 일반주거지역,풀옵션형,124.25,378.5271851
apt277,동북권,제2종 일반주거지역,풀옵션형,199.95,339.2687354
apt278,동북권,제1종 일반주거지역,기본형,322.28,356.0871657
apt279,동북권,제2종 일반주거지역,풀옵션형,173.28,293.9735424
apt280,동북권,제2종 일반주거지역,풀옵션형,170.65,185.9582543
apt281,동북권,준주거지역,풀옵션형,330.83,417.193426
apt282,동북권,준주거지역,기본형,267.63,357.1428571
apt283,동북권,제2종 일반주거지역,풀옵션형,192.75,120.5433724
apt284,동북권,준주거지역,풀옵션형,334.57,348.3432455
apt285,동북권,제2종 일반주거지역,풀옵션형,177.87,346.3866404
apt286,동북권,제2종 일반주거지역,기본형,199.94,115.3805441
apt287,동북권,제2종 일반주거지역,풀옵션형,199.41,297.8142077
apt288,동북권,제1종 일반주거지역,풀옵션형,137.77,209.2984317
apt289,동북권,준주거지역,풀옵션형,318.95,333.7783712
apt290,동북권,제2종 일반주거지역,풀옵션형,199.98,240.4916719
apt291,동북권,제2종 일반주거지역,풀옵션형,194.16,275.574209
apt292,동북권,준주거지역,기본형,323.95,397.4408686
apt293,동북권,제2종 일반주거지역,풀옵션형,188.76,206.1130103
apt294,동북권,제3종 일반주거지역,풀옵션형,246.29,338.5650224
apt295,동북권,준주거지역,기본형,329.38,314.6013449
apt296,동북권,준주거지역,기본형,350.87,331.3029268
apt297,동북권,제2종 일반주거지역,풀옵션형,288.97,299.1631799
apt298,동북권,준주거지역,기본형,281.7,332.1968704
apt299,동북권,제2종 일반주거지역,풀옵션형,199.97,298.5329239
apt300,동북권,제2종 일반주거지역,풀옵션형,199.81,125.4328798
apt301,동북권,제2종 일반주거지역,풀옵션형,199.59,322.1836895
apt302,동북권,제2종 일반주거지역,풀옵션형,199.67,407.3117425
apt303,동북권,제2종 일반주거지역,풀옵션형,199.77,119.7865621
apt304,동북권,제2종 일반주거지역,기본형,199.42,171.8548608
apt305,동북권,제2종 일반주거지역,풀옵션형,199.82,163.4556708
apt306,동북권,제2종 일반주거지역,풀옵션형,199.85,279.2134498
apt307,동북권,제2종 일반주거지역,풀옵션형,199.82,136.8161618
apt308,동북권,제2종 일반주거지역,풀옵션형,182.29,97.62158324
apt309,동북권,제2종 일반주거지역,풀옵션형,199.93,128.6173633
apt310,동북권,제2종 일반주거지역,풀옵션형,199.34,123.9700468
apt311,동북권,제2종 일반주거지역,풀옵션형,192.32,252.5067081
apt312,동북권,상업지역,풀옵션형,480.46,541.6666667
apt313,동북권,제2종 일반주거지역,풀옵션형,199.19,483.3333333
apt314,동북권,제2종 일반주거지역,풀옵션형,199.99,452.5061881
apt315,동북권,제2종 일반주거지역,풀옵션형,185.28,479.8093643
apt316,동북권,제2종 일반주거지역,풀옵션형,196.24,412.3011253
apt317,동북권,제2종 일반주거지역,풀옵션형,175.07,410.0051573
apt318,동북권,제2종 일반주거지역,풀옵션형,198.98,450.498198
apt319,동북권,제2종 일반주거지역,풀옵션형,199.34,387.1748336
apt320,동북권,제2종 일반주거지역,풀옵션형,197.93,289.3863308
apt321,동북권,제2종 일반주거지역,풀옵션형,199.99,273.1468829
apt322,동북권,제3종 일반주거지역,풀옵션형,196.42,393.1761259
apt323,동북권,제3종 일반주거지역,풀옵션형,214.17,265.7762938
apt324,동북권,제2종 일반주거지역,풀옵션형,199.91,391.8944042
apt325,동북권,제2종 일반주거지역,풀옵션형,185.54,418.0171196
apt326,동북권,제2종 일반주거지역,풀옵션형,199.74,489.2852719
apt327,동북권,제2종 일반주거지역,풀옵션형,191.94,417.4859651
apt328,동북권,상업지역,풀옵션형,411.99,343.7185151
apt329,동북권,제1종 일반주거지역,풀옵션형,76.58,147.0862906
apt330,동북권,제2종 일반주거지역,풀옵션형,192.08,298.0625931
apt331,동북권,준공업지역,기본형,238.43,221.402214
apt332,동북권,제2종 일반주거지역,풀옵션형,199.6,165.5355488
apt333,동북권,준주거지역,풀옵션형,303.36,541.6666667
apt334,서북권,준주거지역,기본형,281.81,317.0486866
apt335,서북권,제3종 일반주거지역,풀옵션형,248.85,414.9377593
apt336,서북권,제2종 일반주거지역,기본형,199.56,223.5086777
apt337,서북권,준주거지역,기본형,340.01,290.7089315
apt338,서북권,제2종 일반주거지역,기본형,199.68,278.2503705
apt339,서북권,준주거지역,풀옵션형,281.81,322.4530168
apt340,서북권,제2종 일반주거지역,풀옵션형,199.59,308.2732843
apt341,서북권,제2종 일반주거지역,풀옵션형,424.15,337.6129339
apt342,서북권,제3종 일반주거지역,기본형,199.07,261.8951409
apt343,서북권,제3종 일반주거지역,풀옵션형,248.78,347.7777778
apt344,서북권,제2종 일반주거지역,기본형,199.96,228.5513361
apt345,서북권,제2종 일반주거지역,기본형,193.36,282.5264257
apt346,서북권,제3종 일반주거지역,기본형,192.29,292.1326649
apt347,서북권,제3종 일반주거지역,기본형,191.06,299.7612788
apt348,서북권,준주거지역,기본형,353.62,239.9096811
apt349,서북권,준주거지역,기본형,299.13,264.4351464
apt350,서북권,제1종 일반주거지역,기본형,149.7,259.9995513
apt351,서북권,제1종 일반주거지역,기본형,149.96,271.0519792
apt352,서북권,제1종 일반주거지역,기본형,149.55,269.1968226
apt353,서북권,제2종 일반주거지역,기본형,199.95,289.9235461
apt354,서북권,제2종 일반주거지역,기본형,199.03,280.8405439
apt355,서북권,제2종 일반주거지역,풀옵션형,199.73,333.3333333
apt356,서북권,제1종 일반주거지역,기본형,140.6,375.6150986
apt357,서북권,제2종 일반주거지역,풀옵션형,193.8,339.6183873
apt358,서북권,준주거지역,기본형,341.85,284.6003899
apt359,서북권,제2종 일반주거지역,기본형,199.88,346.2761126
apt360,서북권,제3종 일반주거지역,풀옵션형,182.37,382.7254859
apt361,서북권,제1종 일반주거지역,기본형,110.74,377.3340249
apt362,서북권,제2종 일반주거지역,기본형,199.88,369.6650611
apt363,서북권,제2종 일반주거지역,기본형,199.98,365.5471784
apt364,서북권,제2종 일반주거지역,풀옵션형,181.32,361.9816814
apt365,서북권,제2종 일반주거지역,풀옵션형,168.22,439.5085066
apt366,서북권,제2종 일반주거지역,풀옵션형,198.01,336.6111952
apt367,서북권,제2종 일반주거지역,기본형,198.13,241.1056957
apt368,서북권,제3종 일반주거지역,기본형,177.77,364.9323595
apt369,서남권,제2종 일반주거지역,풀옵션형,199.98,414.4562334
apt370,서남권,제2종 일반주거지역,풀옵션형,199.82,363.0789091
apt371,서남권,상업지역,풀옵션형,379.69,318.4713376
apt372,서남권,제2종 일반주거지역,기본형,190.19,258.4883815
apt373,서남권,제2종 일반주거지역,기본형,116.68,262.0423892
apt374,서남권,제2종 일반주거지역,기본형,198.02,288.5272377
apt375,서남권,제3종 일반주거지역,풀옵션형,144.45,232.7637006
apt376,서남권,제2종 일반주거지역,기본형,199.48,194.2393612
apt377,서남권,제2종 일반주거지역,기본형,178.98,202.9520295
apt378,서남권,제2종 일반주거지역,풀옵션형,198.7,298.4327467
apt379,동북권,제2종 일반주거지역,풀옵션형,199.96,314.045169
apt380,동북권,제1종 일반주거지역,풀옵션형,170.8,310.5698738
apt381,동북권,준주거지역,기본형,333.45,298.614429
apt382,동북권,제2종 일반주거지역,풀옵션형,140.05,230.6621595
apt383,동북권,제1종 일반주거지역,풀옵션형,149.96,231.5948871
apt384,동북권,제1종 일반주거지역,풀옵션형,146.5,388.299983
apt385,동북권,제2종 일반주거지역,풀옵션형,194.06,266.4709971
apt386,동북권,제2종 일반주거지역,풀옵션형,182.08,339.1075819
apt387,동북권,제2종 일반주거지역,풀옵션형,198.68,346.9101629
apt388,동북권,제2종 일반주거지역,풀옵션형,199.53,297.350573
apt389,동북권,제2종 일반주거지역,풀옵션형,195.69,397.9504697
apt390,동북권,제2종 일반주거지역,풀옵션형,195.57,277.354336
apt391,동북권,제2종 일반주거지역,기본형,199.68,260.2758248
apt392,동북권,제2종 일반주거지역,풀옵션형,199.47,330.3763735
apt393,동북권,준주거지역,기본형,305.84,370.9616829
apt394,동북권,제2종 일반주거지역,풀옵션형,152.16,289.6081772
apt395,동북권,제2종 일반주거지역,풀옵션형,116.54,399.5875226
apt396,서남권,제2종 일반주거지역,기본형,183.71,196.8503937
apt397,서남권,제2종 일반주거지역,풀옵션형,188.03,105.1154484
apt398,도심권,제2종 일반주거지역,기본형,181.24,235.9284512
apt399,도심권,제1종 일반주거지역,풀옵션형,149.87,294.8475538
apt400,도심권,제1종 일반주거지역,기본형,142.23,221.3902002
